,Country,2014,2013,2012,2011,2010,2009,2008,2007,2006,2005,2004,2003,2002,2001,2000,1999,1998,1997,1996,1995,1994,1993,1992,1991,1990,1989,1988,1987,1986,1985,1984,1983,1982,1981,1980,1979,1978,1977,1976,1975,1974
0,Afghanistan,492.0,430.0,2787.0,3013.0,1989.0,2861.0,1599.0,1141.0,1990.0,1296.0,466.0,798.0,2486.0,8762.0,6532.0,3609.0,2205.0,0.0,0.0,0.0,0.0,0.0,0.0,792.0,1609.0,1170.0,4561.0,10357.0,8107.0,14457.0,16199.0,18808.0,20320.0,31107.0,32455.0,43979.0,43964.0,28174.0,26.0,466.0,7.0
1,Albania,0.0,0.0,9.0,28.0,10.0,0.0,0.0,22.0,68.0,6.0,7.0,8.0,16.0,18.0,662.0,797.0,1901.0,2386.0,1204.0,15.0,29.0,7.0,0.0,0.0,0.0,136034.0,0.0,0.0,0.0,0.0,0.0,17.0,3.0,0.0,0.0,0.0,0.0,0.0,0.0,0.0,0.0
2,Algeria,0.0,25.0,18.0,112.0,103.0,107.0,217.0,0.0,944.0,2302.0,3289.0,15374.0,5862.0,2686.0,0.0,2503.0,3301.0,19573.0,21003.0,8204.0,5913.0,3141.0,8823.0,5969.0,1796.0,4169.0,2634.0,2500.0,3975.0,20114.0,22553.0,22126.0,29584.0,20849.0,15527.0,14937.0,10696.0,12015.0,15646.0,8899.0,10517.0
3,Andorra,0.0,0.0,0.0,0.0,0.0,0.0,0.0,0.0,0.0,0.0,0.0,0.0,1.0,5.0,2.0,2.0,0.0,5.0,0.0,0.0,0.0,0.0,0.0,0.0,0.0,0.0,0.0,0.0,0.0,0.0,0.0,0.0,0.0,0.0,0.0,0.0,0.0,0.0,0.0,0.0,0.0
4,Angola,11699.0,8523.0,4458.0,1449.0,1190.0,2807.0,265.0,1014.0,765.0,258.0,29.0,1196.0,11945.0,9046.0,2219.0,350.0,2576.0,8183.0,251.0,635.0,5480.0,9273.0,16772.0,18382.0,29069.0,19820.0,21009.0,13368.0,15580.0,22822.0,22685.0,22589.0,30067.0,19714.0,29656.0,19682.0,20408.0,12940.0,5492.0,2153.0,5881.0
5,Antigua and Barbuda,0.0,0.0,0.0,0.0,0.0,0.0,0.0,0.0,0.0,0.0,0.0,0.0,0.0,0.0,0.0,0.0,0.0,0.0,0.0,0.0,0.0,0.0,0.0,0.0,0.0,0.0,0.0,0.0,0.0,1.0,1.0,10.0,0.0,247.0,2291.0,534.0,10.0,4.0,9.0,3.0,1388.0
6,Argentina,1.0,0.0,2.0,3.0,17.0,3.0,0.0,0.0,0.0,0.0,0.0,0.0,0.0,0.0,6.0,313.0,10229.0,125.0,59.0,655.0,134.0,5087.0,20551.0,42093.0,1967.0,4009.0,4751.0,8024.0,6448.0,9240.0,31751.0,7106.0,4432.0,17582.0,16102.0,9985.0,9551.0,36538.0,39291.0,23108.0,23803.0
7,Armenia,13.0,10.0,0.0,0.0,2.0,0.0,0.0,1.0,137.0,2281.0,1783.0,4.0,40.0,69.0,15.0,41.0,52.0,802.0,2027.0,187.0,149.0,338.0,46.0,192.0,879.0,0.0,0.0,0.0,0.0,0.0,0.0,0.0,0.0,0.0,0.0,0.0,0.0,0.0,0.0,0.0,0.0
8,Australia,340.0,158.0,199.0,190.0,70.0,104.0,65.0,11.0,0.0,10.0,70.0,91.0,32.0,141.0,108.0,235.0,327.0,853.0,498.0,1198.0,4895.0,4536.0,1425.0,1380.0,880.0,169.0,248.0,0.0,0.0,0.0,0.0,0.0,0.0,0.0,0.0,0.0,0.0,0.0,0.0,0.0,0.0
9,Austria,0.0,0.0,36.0,68.0,52.0,49.0,448.0,20.0,23.0,9.0,15.0,90.0,0.0,0.0,0.0,1.0,0.0,0.0,0.0,0.0,0.0,60.0,0.0,0.0,0.0,0.0,0.0,0.0,0.0,0.0,0.0,0.0,0.0,0.0,0.0,0.0,0.0,0.0,0.0,0.0,0.0
10,Azerbaijan,0.0,164.0,0.0,0.0,0.0,0.0,5.0,0.0,222.0,1238.0,827.0,1978.0,4353.0,574.0,210.0,1081.0,2891.0,678.0,151.0,474.0,6478.0,1321.0,535.0,6122.0,2026.0,0.0,0.0,0.0,0.0,0.0,0.0,0.0,0.0,0.0,0.0,0.0,0.0,0.0,0.0,0.0,0.0
11,Bahamas,0.0,0.0,0.0,0.0,0.0,0.0,0.0,0.0,0.0,0.0,0.0,0.0,0.0,0.0,0.0,0.0,0.0,1.0,0.0,0.0,0.0,0.0,0.0,0.0,72.0,59.0,22.0,42.0,85.0,26.0,36.0,2868.0,50.0,45.0,484.0,1659.0,222.0,1831.0,933.0,14.0,432.0
12,Bahrain,46.0,0.0,0.0,0.0,0.0,3.0,2.0,7.0,3.0,4.0,11.0,12.0,8.0,5.0,6.0,38.0,4.0,4.0,74.0,3.0,0.0,2.0,12.0,7.0,59.0,181.0,5.0,22.0,97.0,1910.0,1134.0,438.0,1147.0,329.0,1861.0,1781.0,1660.0,1263.0,4661.0,1009.0,3874.0
13,Bangladesh,289.0,237.0,1986.0,5625.0,788.0,718.0,2660.0,2924.0,6192.0,25934.0,9743.0,4067.0,3484.0,4414.0,5098.0,5666.0,6522.0,10329.0,4929.0,4995.0,9571.0,5443.0,5768.0,9292.0,1705.0,27327.0,11471.0,13631.0,14352.0,11699.0,11851.0,9569.0,18116.0,10441.0,11077.0,31895.0,18576.0,22973.0,40171.0,3030.0,0.0
14,Barbados,0.0,0.0,0.0,0.0,0.0,0.0,0.0,0.0,0.0,0.0,0.0,0.0,0.0,0.0,0.0,0.0,0.0,0.0,0.0,0.0,0.0,0.0,0.0,2.0,51.0,2.0,1.0,2.0,2.0,7.0,5.0,6.0,6.0,41.0,27.0,16.0,35.0,1711.0,270.0,382.0,200.0
15,Belarus,64.0,16.0,10.0,50.0,1.0,0.0,0.0,1.0,149.0,1.0,2.0,21.0,14.0,45.0,21.0,153.0,517.0,135.0,395.0,1516.0,820.0,3874.0,2324.0,1351.0,224.0,0.0,0.0,0.0,0.0,0.0,0.0,0.0,0.0,0.0,0.0,0.0,0.0,0.0,0.0,0.0,0.0
16,Belgium,70.0,39.0,109.0,576.0,40.0,33.0,98.0,64.0,15.0,26.0,61.0,44.0,0.0,83.0,0.0,0.0,0.0,3869.0,7221.0,10650.0,11346.0,7373.0,9565.0,7216.0,0.0,81044.0,47616.0,0.0,0.0,0.0,0.0,0.0,0.0,0.0,0.0,0.0,0.0,0.0,0.0,0.0,0.0
17,Belize,0.0,0.0,0.0,0.0,0.0,0.0,0.0,0.0,0.0,0.0,0.0,0.0,0.0,0.0,0.0,0.0,0.0,0.0,0.0,4.0,0.0,0.0,11.0,7.0,25.0,2.0,74.0,224.0,124.0,7.0,4.0,11.0,6.0,186.0,607.0,255.0,216.0,19.0,1341.0,429.0,8.0
18,Benin,786.0,637.0,288.0,426.0,392.0,1461.0,928.0,341.0,176.0,210.0,262.0,217.0,1588.0,5859.0,4244.0,2573.0,648.0,9521.0,1365.0,10469.0,7557.0,4102.0,3049.0,5396.0,0.0,3281.0,5275.0,13180.0,7374.0,13210.0,13437.0,11774.0,11850.0,12378.0,18635.0,11096.0,23269.0,15502.0,9514.0,13235.0,16364.0
19,Bhutan,0.0,0.0,1.0,10.0,21.0,6.0,7.0,11.0,0.0,11.0,3.0,0.0,27.0,756.0,418.0,9920.0,66.0,169.0,9.0,148.0,683.0,505.0,103.0,441.0,173.0,554.0,382.0,673.0,948.0,819.0,1321.0,1356.0,1868.0,1102.0,1642.0,894.0,440.0,0.0,0.0,0.0,0.0
20,Bolivia (Plurinational State of),0.0,0.0,0.0,0.0,0.0,0.0,0.0,0.0,0.0,0.0,0.0,0.0,0.0,0.0,122.0,1441.0,1004.0,7.0,7.0,76.0,1441.0,3391.0,4937.0,2108.0,820.0,669.0,1793.0,987.0,346.0,217.0,1270.0,2034.0,720.0,7654.0,4181.0,5802.0,3363.0,8194.0,6427.0,2244.0,5318.0
21,Bosnia and Herzegovina,3000.0,0.0,22.0,10.0,45.0,22.0,8.0,166.0,17.0,23.0,28.0,18.0,28.0,0.0,43.0,133.0,2811.0,3937.0,0.0,125.0,875.0,249.0,144.0,179.0,512.0,0.0,0.0,0.0,0.0,0.0,0.0,0.0,0.0,0.0,0.0,0.0,0.0,0.0,0.0,0.0,0.0
22,Botswana,1.0,1.0,7.0,8.0,853.0,184.0,0.0,1.0,6.0,5.0,1.0,59.0,7.0,1.0,2672.0,439.0,700.0,5032.0,1030.0,478.0,2447.0,5327.0,566.0,565.0,1218.0,3771.0,711.0,126.0,1018.0,1684.0,9249.0,6542.0,1512.0,2157.0,4091.0,8556.0,2483.0,8637.0,3495.0,8832.0,5625.0
23,Brazil,733.0,220.0,2.0,43.0,68.0,0.0,0.0,0.0,57.0,6.0,0.0,2.0,1.0,1.0,36.0,908.0,2781.0,52284.0,580.0,793.0,35.0,6037.0,7934.0,42537.0,61435.0,22853.0,26179.0,66059.0,129126.0,75993.0,80875.0,58259.0,39370.0,61281.0,99263.0,65552.0,51345.0,54410.0,73631.0,19764.0,20061.0
24,Brunei Darussalam,1.0,0.0,1.0,4.0,0.0,2.0,3.0,0.0,0.0,9.0,16.0,24.0,0.0,11.0,42.0,23.0,12.0,13.0,0.0,0.0,0.0,50.0,51.0,0.0,12.0,39.0,28.0,63.0,440.0,617.0,541.0,558.0,243.0,775.0,485.0,249.0,2138.0,0.0,133.0,0.0,0.0
25,Bulgaria,0.0,14.0,1.0,157.0,22004.0,2249.0,1.0,1.0,1.0,3.0,0.0,0.0,0.0,8.0,46.0,24.0,80.0,23.0,695.0,172.0,121.0,354.0,20258.0,2028.0,147.0,111.0,404.0,1560.0,1370.0,972.0,292.0,326.0,281.0,9239.0,10763.0,249.0,423.0,806.0,16877.0,20162.0,41335.0
26,Burkina Faso,343.0,375.0,7362.0,860.0,2511.0,54118.0,395.0,12.0,125.0,253.0,77.0,2946.0,1744.0,4174.0,6074.0,5516.0,0.0,1438.0,18534.0,5669.0,2925.0,14445.0,21751.0,6590.0,9804.0,7474.0,7782.0,28282.0,11722.0,17461.0,30094.0,21395.0,20940.0,17327.0,13713.0,29672.0,9213.0,32317.0,22563.0,33683.0,11329.0
27,Burundi,0.0,0.0,49.0,129.0,495.0,305.0,173.0,43.0,784.0,0.0,2.0,224.0,1016.0,0.0,18363.0,2928.0,1449.0,1273.0,16099.0,14782.0,7192.0,23869.0,22344.0,10397.0,13282.0,28014.0,33261.0,23297.0,39631.0,36740.0,28587.0,49302.0,42051.0,58970.0,49227.0,43557.0,49629.0,58755.0,37019.0,30949.0,20025.0
28,Cote d'Ivoire,50.0,48.0,137.0,628.0,441.0,183.0,12.0,5.0,11.0,115.0,3466.0,4770.0,5882.0,5790.0,5729.0,4824.0,12289.0,9665.0,20858.0,30039.0,0.0,7465.0,14765.0,9902.0,17799.0,18660.0,16864.0,34170.0,23839.0,8892.0,5946.0,7139.0,15605.0,14782.0,7633.0,8840.0,11670.0,12503.0,11139.0,73521.0,79578.0
29,Cabo Verde,0.0,0.0,0.0,0.0,0.0,0.0,0.0,0.0,0.0,0.0,0.0,0.0,0.0,0.0,2.0,1.0,289.0,8584.0,0.0,10.0,30.0,0.0,1.0,7.0,0.0,1.0,7.0,450.0,0.0,3048.0,49.0,1385.0,1282.0,150.0,1279.0,306.0,261.0,204.0,440.0,0.0,0.0
30,Cambodia,0.0,0.0,15.0,722.0,1156.0,4779.0,4211.0,394.0,188.0,264.0,352.0,653.0,1361.0,3761.0,12237.0,13827.0,1993.0,3826.0,2814.0,2038.0,946.0,1262.0,2759.0,2186.0,2473.0,9256.0,4934.0,9281.0,17219.0,44557.0,38329.0,10368.0,57605.0,40774.0,32240.0,0.0,0.0,0.0,0.0,0.0,0.0
31,Cameroon,831.0,760.0,609.0,504.0,240.0,251.0,495.0,100.0,196.0,605.0,358.0,899.0,1448.0,23934.0,14629.0,10894.0,10731.0,7504.0,11770.0,2463.0,1548.0,10892.0,27442.0,14622.0,21150.0,24314.0,23207.0,16654.0,31936.0,47178.0,38580.0,58904.0,33876.0,10546.0,0.0,0.0,23837.0,0.0,7277.0,0.0,34750.0
32,Canada,418.0,82.0,10.0,759.0,99.0,14.0,62.0,101.0,13.0,6.0,7.0,15.0,6.0,34.0,206.0,29.0,12.0,579.0,327.0,2361.0,523.0,203.0,2742.0,6178.0,1033.0,11145.0,609.0,2385.0,14941.0,2816.0,4078.0,934.0,1064.0,2307.0,13864.0,22444.0,5858.0,0.0,9158.0,13143.0,11985.0
33,Central African Republic,210.0,596.0,141.0,679.0,2.0,11.0,12.0,49.0,3.0,471.0,1233.0,652.0,938.0,2837.0,3207.0,600.0,146.0,194.0,248.0,902.0,0.0,1694.0,3022.0,3644.0,1275.0,331.0,1898.0,2148.0,1785.0,2446.0,6395.0,1564.0,2563.0,3820.0,8280.0,9104.0,8800.0,4382.0,11993.0,0.0,3158.0
34,Chad,1275.0,226.0,120.0,8650.0,194.0,165.0,63.0,441.0,1594.0,2.0,10324.0,15801.0,7277.0,24908.0,3546.0,6868.0,12371.0,10446.0,24162.0,21952.0,9696.0,20894.0,19035.0,21182.0,7226.0,7449.0,3645.0,3623.0,3500.0,6430.0,6921.0,5160.0,1223.0,36.0,0.0,306.0,2033.0,12299.0,15001.0,2243.0,7051.0
35,Chile,0.0,0.0,0.0,6.0,0.0,1.0,0.0,0.0,0.0,0.0,0.0,1.0,0.0,0.0,0.0,31.0,6.0,58.0,0.0,0.0,0.0,1.0,1.0,2098.0,1958.0,13008.0,45079.0,2623.0,12563.0,17101.0,4785.0,6752.0,9438.0,6527.0,3844.0,34390.0,15381.0,1062.0,2542.0,8413.0,16806.0
36,China,52628.0,26883.0,6183.0,9943.0,38159.0,52461.0,131441.0,109023.0,99602.0,124219.0,70549.0,71879.0,58341.0,88962.0,71093.0,61840.0,53030.0,79621.0,68404.0,53232.0,76204.0,117851.0,140048.0,123428.0,85705.0,85049.0,96994.0,104925.0,198738.0,418159.0,619709.0,781475.0,892870.0,1010755.0,1122285.0,1717031.0,2377776.0,2640161.0,2558995.0,2553084.0,3276531.0
37,Colombia,0.0,1.0,1.0,6.0,0.0,0.0,0.0,0.0,0.0,0.0,0.0,0.0,139.0,3.0,1.0,44.0,61.0,67.0,160.0,410.0,525.0,9105.0,7976.0,10391.0,12520.0,12598.0,14801.0,20620.0,5180.0,5572.0,11849.0,13099.0,9273.0,19612.0,9222.0,18144.0,20446.0,21362.0,23272.0,10706.0,25969.0
38,Comoros,0.0,0.0,1.0,3.0,0.0,1.0,0.0,0.0,85.0,912.0,0.0,0.0,0.0,0.0,0.0,0.0,0.0,0.0,0.0,0.0,2.0,0.0,0.0,0.0,2328.0,170.0,0.0,0.0,0.0,0.0,0.0,0.0,0.0,0.0,1801.0,0.0,0.0,277.0,277.0,0.0,1876.0
39,Congo,71.0,124.0,260.0,315.0,4.0,1.0,2.0,84.0,126.0,146.0,3524.0,3712.0,2788.0,2152.0,1678.0,313.0,174.0,1267.0,3897.0,2381.0,226.0,693.0,4302.0,4042.0,3608.0,498.0,454.0,1420.0,6424.0,7600.0,18615.0,16642.0,12931.0,9668.0,11892.0,27048.0,15736.0,15831.0,16523.0,16611.0,12380.0
40,Cook Islands,0.0,0.0,0.0,0.0,0.0,0.0,0.0,1.0,6.0,0.0,0.0,17.0,0.0,0.0,2.0,0.0,9.0,194.0,0.0,7.0,0.0,3.0,9.0,61.0,36.0,691.0,15.0,16.0,5.0,50.0,1.0,4.0,14.0,57.0,363.0,8.0,28.0,136.0,103.0,58.0,26.0
41,Costa Rica,1.0,0.0,0.0,0.0,0.0,0.0,0.0,0.0,0.0,1.0,0.0,1.0,0.0,0.0,0.0,23.0,27.0,26.0,24.0,35.0,0.0,273.0,2361.0,6296.0,76.0,33.0,358.0,4004.0,4534.0,1.0,11.0,39.0,167.0,170.0,1000.0,6883.0,361.0,2054.0,1774.0,743.0,512.0
42,Croatia,0.0,0.0,2.0,12.0,7.0,2.0,51.0,0.0,1.0,2.0,54.0,19.0,6.0,8.0,9.0,31.0,648.0,240.0,119.0,697.0,138.0,87.0,160.0,117.0,119.0,0.0,0.0,0.0,0.0,0.0,0.0,0.0,0.0,0.0,0.0,0.0,0.0,0.0,0.0,0.0,0.0
43,Cuba,0.0,0.0,0.0,0.0,0.0,0.0,0.0,0.0,0.0,0.0,0.0,0.0,0.0,0.0,0.0,0.0,0.0,0.0,0.0,1.0,0.0,2.0,12.0,17.0,12.0,12.0,121.0,858.0,3312.0,2874.0,3315.0,3287.0,23408.0,18387.0,3924.0,7512.0,18751.0,25358.0,14882.0,10585.0,13874.0
44,Cyprus,10.0,90.0,1.0,0.0,18.0,0.0,1.0,0.0,0.0,1.0,0.0,0.0,0.0,0.0,0.0,0.0,1.0,1.0,55.0,0.0,0.0,0.0,20.0,1.0,4.0,0.0,0.0,0.0,1.0,1.0,3.0,183.0,27.0,3.0,0.0,4.0,8.0,118.0,19.0,0.0,217.0
45,Czech Republic,222.0,15.0,22.0,17.0,0.0,5.0,2.0,2.0,7.0,0.0,17.0,30.0,4.0,6.0,9.0,2.0,19.0,14.0,10.0,5.0,9.0,14.0,416.0,839.0,2420.0,0.0,0.0,0.0,0.0,0.0,0.0,0.0,0.0,0.0,0.0,0.0,0.0,0.0,0.0,0.0,0.0
46,Democratic People's Republic of Korea,3.0,0.0,0.0,0.0,0.0,0.0,0.0,3550.0,0.0,0.0,0.0,0.0,0.0,0.0,0.0,0.0,0.0,0.0,0.0,0.0,0.0,0.0,0.0,0.0,0.0,0.0,0.0,0.0,0.0,0.0,0.0,0.0,0.0,0.0,0.0,0.0,0.0,0.0,0.0,0.0,0.0
47,Democratic Republic of the Congo,33711.0,88381.0,72029.0,133802.0,5407.0,57.0,12461.0,55577.0,80123.0,182485.0,44934.0,21956.0,30466.0,8072.0,8282.0,12135.0,15271.0,5766.0,9546.0,5443.0,12573.0,2749.0,63.0,0.0,4564.0,11178.0,13214.0,14866.0,19430.0,19508.0,11385.0,21057.0,30775.0,38142.0,32596.0,29497.0,37896.0,43451.0,59919.0,51040.0,57774.0
48,Denmark,27.0,17.0,2.0,84.0,5.0,6.0,14.0,2.0,27.0,2.0,0.0,0.0,32.0,11.0,14.0,0.0,0.0,61.0,119.0,20.0,36.0,115.0,129.0,162.0,180.0,405.0,618.0,6268.0,23490.0,13187.0,21188.0,33242.0,15656.0,35651.0,28249.0,66493.0,18593.0,52308.0,57756.0,14167.0,54581.0
49,Djibouti,0.0,28.0,709.0,49.0,7.0,48.0,143.0,24.0,49.0,298.0,71.0,37.0,50.0,79.0,183.0,341.0,198.0,0.0,410.0,8.0,0.0,37.0,129.0,13.0,104.0,490.0,473.0,52.0,0.0,108.0,1295.0,0.0,31.0,4533.0,0.0,1120.0,839.0,899.0,825.0,487.0,298.0
50,Dominica,0.0,0.0,0.0,0.0,0.0,0.0,0.0,0.0,0.0,0.0,0.0,0.0,0.0,0.0,0.0,0.0,0.0,0.0,0.0,0.0,0.0,0.0,0.0,6.0,13.0,9.0,10.0,82.0,45.0,64.0,188.0,1.0,2.0,27.0,0.0,178.0,0.0,85.0,122.0,1.0,171.0
51,Dominican Republic,0.0,0.0,0.0,2.0,0.0,0.0,0.0,0.0,0.0,0.0,0.0,0.0,0.0,113.0,253.0,274.0,14.0,1.0,0.0,0.0,3.0,4637.0,7650.0,7512.0,3477.0,1505.0,692.0,499.0,501.0,4417.0,4429.0,2960.0,3671.0,3410.0,9760.0,8944.0,5796.0,5707.0,7225.0,4224.0,4148.0
52,Ecuador,0.0,0.0,72.0,263.0,0.0,0.0,1.0,0.0,0.0,0.0,0.0,0.0,0.0,2.0,0.0,0.0,0.0,0.0,42.0,919.0,3668.0,3627.0,4356.0,1585.0,1646.0,3649.0,8004.0,1537.0,839.0,1183.0,6979.0,2556.0,1647.0,4678.0,2722.0,4206.0,870.0,2438.0,7009.0,241.0,3906.0
53,Egypt,1314.0,405.0,245.0,26.0,16.0,608.0,668.0,1684.0,953.0,77.0,80.0,164.0,653.0,2150.0,2633.0,1547.0,4868.0,4606.0,4403.0,1833.0,1444.0,2874.0,4403.0,1231.0,887.0,4057.0,3672.0,1805.0,1176.0,5554.0,4898.0,813.0,7365.0,1777.0,839.0,4763.0,1130.0,3780.0,2051.0,3492.0,0.0
54,El Salvador,0.0,0.0,0.0,0.0,0.0,0.0,0.0,0.0,0.0,0.0,0.0,0.0,0.0,2.0,0.0,0.0,0.0,0.0,1.0,0.0,0.0,38.0,509.0,0.0,0.0,0.0,787.0,405.0,278.0,1413.0,4775.0,2407.0,3664.0,12554.0,2315.0,10371.0,1621.0,7567.0,7227.0,511.0,467.0
55,Equatorial Guinea,13.0,321.0,1190.0,0.0,0.0,78.0,436.0,5.0,0.0,0.0,38.0,18.0,24.0,1339.0,0.0,0.0,0.0,0.0,1.0,44.0,270.0,157.0,297.0,32.0,32.0,582.0,14875.0,11865.0,788.0,464.0,198.0,0.0,0.0,0.0,0.0,0.0,0.0,0.0,0.0,0.0,0.0
56,Eritrea,127.0,45.0,194.0,48.0,51.0,82.0,0.0,55.0,128.0,19.0,24.0,376.0,460.0,204.0,789.0,320.0,316.0,777.0,1783.0,185.0,541.0,267.0,0.0,0.0,0.0,0.0,0.0,0.0,0.0,0.0,0.0,0.0,0.0,0.0,0.0,0.0,0.0,0.0,0.0,0.0,0.0
57,Estonia,0.0,2.0,4.0,7.0,0.0,0.0,0.0,1.0,27.0,2.0,0.0,0.0,0.0,0.0,9.0,12.0,17.0,18.0,19.0,17.0,230.0,312.0,71.0,129.0,33.0,0.0,0.0,0.0,0.0,0.0,0.0,0.0,0.0,0.0,0.0,0.0,0.0,0.0,0.0,0.0,0.0
58,Ethiopia,12739.0,5253.0,4347.0,3255.0,4235.0,1176.0,3511.0,1446.0,1451.0,357.0,73.0,228.0,3332.0,2366.0,1660.0,5329.0,1603.0,1113.0,1586.0,562.0,1133.0,1152.0,4815.0,497.0,1836.0,4169.0,7575.0,4832.0,3760.0,66544.0,9843.0,5866.0,10527.0,9784.0,10690.0,21030.0,11208.0,3132.0,2586.0,5157.0,3821.0
59,Fiji,0.0,0.0,0.0,0.0,0.0,1.0,0.0,0.0,136.0,0.0,37.0,305.0,304.0,17.0,0.0,0.0,0.0,828.0,39.0,414.0,39.0,425.0,969.0,0.0,32.0,53.0,610.0,1075.0,385.0,152.0,827.0,313.0,902.0,1003.0,913.0,1621.0,441.0,2384.0,212.0,1026.0,1911.0
60,Finland,0.0,2.0,0.0,27.0,5.0,2.0,5.0,0.0,0.0,1.0,0.0,0.0,0.0,1.0,0.0,0.0,1.0,0.0,0.0,6.0,1.0,0.0,5.0,8.0,3.0,1032.0,129.0,635.0,741.0,614.0,729.0,4751.0,5402.0,3813.0,2147.0,2396.0,2325.0,2837.0,8706.0,3384.0,11353.0
61,France,267.0,272.0,0.0,14949.0,5048.0,1541.0,604.0,39.0,40.0,36.0,4448.0,0.0,5185.0,0.0,10000.0,0.0,0.0,80000.0,66000.0,54239.0,44005.0,77232.0,109548.0,156849.0,0.0,0.0,0.0,0.0,931.0,399.0,978.0,870.0,812.0,1132.0,1244.0,1603.0,2026.0,2106.0,2607.0,1813.0,5235.0
62,Gabon,33.0,122.0,2.0,2.0,1.0,0.0,3.0,0.0,90.0,0.0,63.0,0.0,110.0,5129.0,15.0,0.0,0.0,0.0,70.0,0.0,0.0,958.0,1245.0,0.0,738.0,1780.0,655.0,2074.0,6826.0,5222.0,7234.0,4324.0,1747.0,2306.0,1641.0,3172.0,4614.0,6130.0,2963.0,10967.0,2245.0
63,Gambia,1.0,0.0,0.0,0.0,2.0,0.0,0.0,0.0,0.0,0.0,0.0,119.0,32.0,99.0,336.0,856.0,0.0,1500.0,15.0,130.0,280.0,912.0,364.0,164.0,0.0,0.0,0.0,0.0,3997.0,1628.0,0.0,1372.0,1566.0,262.0,284.0,2610.0,1655.0,1911.0,843.0,2580.0,958.0
64,Georgia,3188.0,7872.0,31.0,64.0,22.0,23.0,56.0,44.0,334.0,1356.0,6847.0,216.0,199.0,35.0,50.0,144.0,218.0,342.0,304.0,181.0,723.0,409.0,115.0,352.0,0.0,0.0,0.0,0.0,0.0,0.0,0.0,0.0,0.0,0.0,0.0,0.0,0.0,0.0,0.0,0.0,0.0
65,Germany,443.0,1771.0,166.0,1607.0,780.0,574.0,917.0,567.0,2307.0,778.0,121.0,779.0,4657.0,6024.0,0.0,0.0,0.0,0.0,0.0,0.0,0.0,0.0,0.0,0.0,0.0,45.0,17.0,189.0,199.0,568.0,11759.0,9798.0,2029.0,5290.0,28745.0,2128.0,941.0,1067.0,3694.0,1493.0,400.0
66,Ghana,124.0,319.0,1613.0,120.0,641.0,101.0,82.0,6.0,420.0,435.0,60.0,1939.0,12289.0,13476.0,23068.0,15987.0,23335.0,37261.0,34273.0,40276.0,34821.0,34641.0,39933.0,17135.0,32246.0,19997.0,40456.0,24781.0,11099.0,64517.0,40179.0,36561.0,79636.0,38476.0,82684.0,88808.0,107381.0,108440.0,131405.0,140821.0,91315.0
67,Greece,1.0,3.0,3.0,40.0,149.0,2.0,1.0,2.0,0.0,122.0,1.0,0.0,5.0,12.0,56.0,69.0,66.0,136.0,6082.0,112.0,163.0,503.0,3448.0,1371.0,245.0,534.0,5100.0,1891.0,1050.0,1484.0,1200.0,23723.0,3417.0,1389.0,13464.0,7822.0,2169.0,15717.0,8027.0,8931.0,5357.0
68,Grenada,0.0,0.0,0.0,0.0,0.0,0.0,0.0,0.0,0.0,0.0,0.0,0.0,0.0,0.0,0.0,0.0,0.0,0.0,0.0,3.0,0.0,0.0,0.0,2.0,6.0,2.0,4.0,6.0,20.0,7.0,11.0,268.0,1713.0,9.0,53.0,3.0,197.0,1542.0,111.0,2.0,79.0
69,Guatemala,0.0,0.0,0.0,0.0,0.0,0.0,0.0,0.0,0.0,0.0,0.0,0.0,0.0,0.0,0.0,0.0,1.0,8.0,1.0,23.0,204.0,17.0,97.0,209.0,8802.0,2413.0,182.0,400.0,1650.0,2272.0,3072.0,2762.0,3992.0,3472.0,2703.0,3351.0,2178.0,2682.0,3791.0,3007.0,926.0
70,Guinea,175.0,53.0,6.0,11.0,45.0,264.0,89.0,3.0,4.0,99.0,10.0,2497.0,2151.0,7408.0,11294.0,18004.0,9170.0,10170.0,10292.0,1085.0,2372.0,5228.0,1617.0,6708.0,12756.0,4152.0,3353.0,7357.0,2592.0,2969.0,4396.0,8856.0,15038.0,11397.0,8552.0,6236.0,4061.0,8045.0,5852.0,7536.0,11798.0
71,Guinea-Bissau,1.0,0.0,0.0,0.0,26.0,0.0,12.0,1.0,0.0,0.0,3526.0,1158.0,298.0,126.0,0.0,472.0,0.0,498.0,73.0,528.0,378.0,1707.0,842.0,2396.0,259.0,106.0,1103.0,174.0,2241.0,1328.0,355.0,3218.0,1613.0,2096.0,1332.0,3478.0,351.0,209.0,334.0,0.0,273.0
72,Guyana,0.0,0.0,0.0,0.0,0.0,0.0,0.0,0.0,0.0,0.0,0.0,0.0,0.0,0.0,0.0,0.0,0.0,0.0,0.0,0.0,0.0,0.0,0.0,12.0,1.0,11.0,917.0,22.0,15.0,87.0,294.0,20.0,41.0,7.0,464.0,910.0,11.0,240.0,327.0,58.0,314.0
73,Haiti,0.0,0.0,0.0,0.0,0.0,0.0,0.0,0.0,0.0,0.0,0.0,0.0,0.0,159.0,992.0,0.0,3.0,0.0,1.0,0.0,0.0,0.0,0.0,0.0,1414.0,580.0,235.0,3130.0,269.0,2111.0,1681.0,869.0,1064.0,2502.0,507.0,1143.0,280.0,970.0,1330.0,718.0,837.0
74,Honduras,0.0,0.0,0.0,0.0,0.0,0.0,0.0,0.0,0.0,0.0,0.0,0.0,0.0,0.0,0.0,0.0,0.0,5.0,4.0,0.0,3.0,13.0,58.0,95.0,8360.0,6353.0,1155.0,1437.0,603.0,6476.0,5028.0,1168.0,2446.0,5857.0,4188.0,4895.0,5219.0,2538.0,4206.0,3098.0,2346.0
75,Hungary,0.0,1.0,2.0,5.0,0.0,1.0,0.0,0.0,1.0,2.0,0.0,0.0,0.0,20.0,1.0,1.0,23.0,24.0,12.0,4.0,11.0,33.0,14.0,16.0,29.0,0.0,1103.0,30.0,17.0,20.0,98.0,124.0,2521.0,10573.0,1198.0,216.0,334.0,130.0,243.0,638.0,46790.0
76,Iceland,0.0,0.0,0.0,0.0,0.0,0.0,0.0,0.0,0.0,0.0,0.0,0.0,0.0,0.0,0.0,0.0,0.0,1.0,1.0,2.0,7.0,8.0,8.0,10.0,14.0,23.0,11.0,14.0,132.0,374.0,162.0,39.0,14.0,24.0,13.0,32.0,240.0,2994.0,36.0,11.0,37.0
77,India,24977.0,13822.0,18668.0,33634.0,31458.0,56188.0,44258.0,41144.0,64185.0,36711.0,55443.0,47147.0,40044.0,51780.0,38835.0,21013.0,33990.0,61004.0,47072.0,37494.0,50518.0,50391.0,71798.0,77859.0,89612.0,165771.0,161379.0,252940.0,155076.0,161216.0,190881.0,129639.0,146196.0,202054.0,114036.0,143338.0,121313.0,133654.0,157047.0,133561.0,119714.0
78,Indonesia,0.0,8419.0,15489.0,21893.0,18869.0,20818.0,15369.0,19456.0,20422.0,15853.0,29171.0,24457.0,14492.0,3825.0,3344.0,4767.0,1034.0,15313.0,35383.0,37693.0,48147.0,63751.0,80580.0,90358.0,92105.0,229666.0,76446.0,395.0,1136.0,9458.0,18947.0,4670.0,25152.0,33106.0,28935.0,903.0,654.0,11879.0,97.0,205.0,152.0
79,Iran (Islamic Republic of),99.0,189.0,332.0,73.0,538.0,262.0,127.0,133.0,220.0,7.0,3.0,11644.0,9554.0,9582.0,11874.0,4137.0,2869.0,3901.0,2329.0,263.0,506.0,4616.0,5028.0,6034.0,5341.0,5895.0,11559.0,19383.0,14904.0,20582.0,32909.0,43623.0,47719.0,35858.0,31130.0,20117.0,53615.0,20188.0,16176.0,33640.0,18623.0
80,Iraq,1317.0,669.0,15.0,15.0,492.0,30328.0,5494.0,230.0,474.0,908.0,9081.0,0.0,0.0,4088.0,726.0,9920.0,43735.0,708.0,256.0,7650.0,10657.0,16339.0,20106.0,11358.0,3045.0,11617.0,9284.0,7978.0,10122.0,22186.0,38148.0,37903.0,31564.0,64294.0,26542.0,73243.0,52634.0,76329.0,37884.0,55889.0,65391.0
81,Ireland,33.0,51.0,107.0,285.0,443.0,164.0,57.0,64.0,87.0,95.0,334.0,584.0,243.0,241.0,0.0,147.0,204.0,185.0,228.0,235.0,1233.0,4328.0,179.0,135.0,556.0,1248.0,936.0,201.0,451.0,9903.0,5725.0,6180.0,1897.0,1075.0,1106.0,1668.0,1585.0,1501.0,1651.0,2957.0,2040.0
82,Israel,6.0,50.0,211.0,70.0,23.0,5.0,931.0,539.0,9.0,2.0,116.0,124.0,2.0,19.0,36.0,14.0,8.0,12.0,19.0,22.0,1555.0,141.0,66.0,991.0,230.0,29.0,194.0,438.0,1951.0,3005.0,137.0,129.0,7864.0,228.0,215.0,553.0,400.0,89.0,73.0,4795.0,871.0
83,Italy,0.0,0.0,376.0,5189.0,372.0,351.0,1617.0,321.0,439.0,135.0,599.0,10982.0,9385.0,0.0,1457.0,2908.0,4072.0,41254.0,32596.0,37131.0,6158.0,16890.0,65013.0,23458.0,5223.0,29214.0,92188.0,20627.0,21306.0,75040.0,77149.0,26371.0,18423.0,71239.0,27452.0,23270.0,67360.0,42677.0,55493.0,52033.0,24714.0
84,Jamaica,0.0,0.0,0.0,0.0,0.0,0.0,2.0,0.0,0.0,0.0,0.0,0.0,0.0,0.0,0.0,0.0,2.0,0.0,4.0,15.0,0.0,0.0,0.0,308.0,3651.0,5726.0,30.0,37.0,30.0,67.0,236.0,1164.0,2815.0,5266.0,36.0,82.0,845.0,49.0,1206.0,705.0,595.0
85,Japan,462.0,229.0,228.0,434.0,450.0,741.0,11015.0,0.0,520.0,0.0,8752.0,8286.0,33812.0,22552.0,22497.0,0.0,899.0,0.0,1640.0,0.0,0.0,2002.0,0.0,5452.0,3259.0,1753.0,3109.0,5872.0,6323.0,2810.0,12268.0,7281.0,6716.0,21471.0,13219.0,18866.0,34385.0,18051.0,31647.0,15217.0,24002.0
86,Jordan,20.0,120.0,3.0,0.0,0.0,0.0,2.0,41.0,1.0,28.0,21.0,76.0,19.0,61.0,32.0,115.0,428.0,7026.0,448.0,318.0,516.0,2985.0,1071.0,143.0,290.0,1397.0,4810.0,1645.0,297.0,559.0,2592.0,183.0,1594.0,1174.0,552.0,1212.0,627.0,1170.0,827.0,1116.0,1165.0
87,Kazakhstan,321.0,73.0,55.0,127.0,4.0,0.0,20.0,13.0,109.0,16118.0,2204.0,24.0,18.0,94.0,245.0,1391.0,1935.0,120.0,123.0,284.0,1788.0,3297.0,647.0,1425.0,273.0,0.0,0.0,0.0,0.0,0.0,0.0,0.0,0.0,0.0,0.0,0.0,0.0,0.0,0.0,0.0,0.0
88,Kenya,354.0,190.0,0.0,2395.0,95.0,1218.0,1282.0,1516.0,1847.0,153.0,20.0,65.0,766.0,11304.0,21002.0,8601.0,9262.0,3339.0,3572.0,3322.0,4180.0,961.0,65004.0,59937.0,77072.0,86727.0,70200.0,49858.0,26199.0,111492.0,200143.0,285681.0,270767.0,257839.0,28473.0,66792.0,41572.0,48758.0,34649.0,33868.0,38885.0
89,Kiribati,0.0,0.0,0.0,0.0,0.0,0.0,0.0,0.0,0.0,0.0,0.0,0.0,0.0,0.0,0.0,2.0,355.0,25.0,13.0,4.0,292.0,114.0,4357.0,8.0,30.0,1612.0,264.0,22.0,2.0,2015.0,1417.0,0.0,11.0,70.0,170.0,0.0,2683.0,78.0,3.0,0.0,9212.0
90,Kuwait,55.0,62.0,27.0,32.0,13.0,0.0,0.0,0.0,0.0,10.0,23.0,0.0,0.0,0.0,6.0,13.0,90.0,26.0,15.0,12.0,432.0,260.0,383.0,165.0,71.0,71.0,70.0,428.0,237.0,2061.0,608.0,1590.0,586.0,2595.0,1382.0,2086.0,1560.0,2162.0,907.0,1982.0,2870.0
91,Kyrgyzstan,318.0,1.0,0.0,222.0,0.0,1.0,16.0,40.0,27.0,53.0,8.0,6.0,2.0,17.0,16.0,478.0,2397.0,998.0,74.0,17.0,168.0,3825.0,815.0,824.0,584.0,0.0,0.0,0.0,0.0,0.0,0.0,0.0,0.0,0.0,0.0,0.0,0.0,0.0,0.0,0.0,0.0
92,Lao People's Democratic Republic,339.0,71.0,32.0,113.0,153.0,78.0,174.0,1678.0,58.0,295.0,1491.0,1810.0,2070.0,94.0,332.0,2302.0,4613.0,671.0,917.0,3174.0,984.0,1083.0,520.0,1400.0,2168.0,2793.0,2243.0,2580.0,1367.0,1492.0,924.0,1076.0,383.0,0.0,1380.0,0.0,208.0,153.0,166.0,169.0,22.0
93,Latvia,36.0,0.0,3.0,1.0,0.0,0.0,3.0,0.0,7.0,2.0,0.0,0.0,0.0,1.0,0.0,0.0,3.0,4.0,3.0,2.0,10.0,54.0,248.0,6.0,21.0,0.0,0.0,0.0,0.0,0.0,0.0,0.0,0.0,0.0,0.0,0.0,0.0,0.0,0.0,0.0,0.0
94,Lebanon,112.0,1761.0,9.0,9.0,12.0,22.0,24.0,373.0,956.0,618.0,213.0,526.0,36.0,8.0,5.0,8.0,966.0,134.0,2.0,3.0,51.0,396.0,13.0,0.0,0.0,0.0,0.0,0.0,0.0,0.0,0.0,266.0,0.0,3.0,0.0,0.0,0.0,0.0,0.0,0.0,0.0
95,Lesotho,0.0,516.0,179.0,172.0,2488.0,0.0,0.0,2.0,1.0,0.0,31.0,1.0,0.0,217.0,660.0,944.0,0.0,0.0,0.0,304.0,573.0,235.0,1816.0,2351.0,2195.0,1378.0,1797.0,2448.0,4376.0,7362.0,5821.0,5239.0,6941.0,7624.0,7935.0,8753.0,6458.0,10434.0,3691.0,5806.0,5903.0
96,Liberia,34.0,0.0,43.0,279.0,2200.0,6.0,1.0,1.0,20.0,8.0,4.0,142.0,131.0,1379.0,5977.0,1679.0,1436.0,2961.0,1938.0,56.0,571.0,6398.0,5776.0,0.0,0.0,1866.0,2556.0,2178.0,836.0,2686.0,6151.0,4835.0,6873.0,7810.0,6567.0,3243.0,3705.0,3588.0,2212.0,591.0,592.0
97,Libya,372.0,0.0,320.0,0.0,0.0,329.0,8.0,59.0,1.0,292.0,2771.0,0.0,3890.0,633.0,0.0,0.0,50.0,26.0,0.0,0.0,1127.0,733.0,3691.0,1695.0,931.0,207.0,316.0,401.0,851.0,4193.0,2526.0,996.0,928.0,1570.0,1547.0,2879.0,1560.0,2474.0,1863.0,1561.0,732.0
98,Lithuania,11.0,35.0,0.0,7.0,2.0,0.0,1.0,0.0,1.0,1.0,1.0,1.0,103.0,7.0,19.0,23.0,18.0,30.0,35.0,188.0,286.0,249.0,200.0,143.0,0.0,0.0,0.0,0.0,0.0,0.0,0.0,0.0,0.0,0.0,0.0,0.0,0.0,0.0,0.0,0.0,0.0
99,Luxembourg,0.0,0.0,2.0,6.0,0.0,0.0,1.0,0.0,8.0,0.0,0.0,1.0,0.0,0.0,0.0,0.0,0.0,1.0,25.0,1.0,1.0,4.0,48.0,1.0,16.0,12.0,18.0,153.0,27.0,62.0,35.0,21.0,243.0,214.0,63.0,121.0,263.0,424.0,41.0,288.0,171.0
100,Madagascar,3.0,6.0,2.0,0.0,1.0,0.0,3.0,0.0,2.0,0.0,35558.0,62233.0,10795.0,9357.0,35256.0,35196.0,15510.0,13865.0,5961.0,11731.0,14164.0,6060.0,1846.0,5824.0,14459.0,29654.0,17069.0,10841.0,21546.0,69884.0,66894.0,101925.0,84494.0,140653.0,119679.0,146887.0,93499.0,130771.0,40398.0,0.0,0.0
101,Malawi,3.0,1.0,11.0,26.0,118712.0,21.0,20.0,143.0,1.0,184.0,1116.0,167.0,92.0,150.0,304.0,152.0,3591.0,10845.0,9120.0,4218.0,2164.0,3614.0,32177.0,5730.0,0.0,93100.0,81100.0,114061.0,105682.0,126581.0,80766.0,150248.0,104921.0,84610.0,162686.0,195644.0,246511.0,201000.0,200000.0,0.0,0.0
102,Malaysia,221.0,195.0,1868.0,1569.0,73.0,153.0,334.0,394.0,564.0,1407.0,5729.0,632.0,408.0,2198.0,6187.0,2576.0,483.0,627.0,460.0,654.0,346.0,542.0,363.0,275.0,563.0,1027.0,2304.0,5429.0,4699.0,5163.0,8147.0,9313.0,9268.0,5690.0,8727.0,6352.0,7233.0,6972.0,4786.0,1377.0,7990.0
103,Maldives,0.0,0.0,0.0,0.0,0.0,6.0,0.0,20.0,47.0,1395.0,37.0,75.0,926.0,0.0,20.0,0.0,0.0,0.0,0.0,3070.0,706.0,61.0,0.0,0.0,0.0,0.0,0.0,0.0,0.0,2029.0,0.0,0.0,0.0,1479.0,0.0,1524.0,0.0,0.0,0.0,0.0,0.0
104,Mali,290.0,221.0,341.0,24.0,1719.0,2939.0,98.0,2.0,128.0,33.0,172.0,232.0,717.0,4464.0,1578.0,2506.0,10240.0,3531.0,10995.0,3306.0,3420.0,10595.0,7830.0,13473.0,1388.0,3605.0,4478.0,4352.0,4669.0,29732.0,4494.0,8759.0,16432.0,8413.0,10007.0,12782.0,18049.0,25624.0,39673.0,34481.0,40476.0
105,Malta,0.0,0.0,0.0,3.0,0.0,1.0,1.0,2.0,1.0,6.0,4.0,4.0,7.0,2.0,2.0,1.0,3.0,5.0,16.0,27.0,8.0,3.0,43.0,8.0,6.0,17.0,17.0,46.0,1844.0,175.0,58.0,620.0,1530.0,121.0,14.0,30.0,3348.0,472.0,38.0,23.0,784.0
106,Marshall Islands,0.0,0.0,0.0,0.0,0.0,0.0,0.0,0.0,0.0,0.0,0.0,1127.0,0.0,0.0,0.0,0.0,0.0,0.0,0.0,0.0,0.0,9.0,10.0,19.0,14.0,13.0,0.0,0.0,1.0,4.0,0.0,0.0,0.0,0.0,0.0,0.0,0.0,0.0,0.0,0.0,0.0
107,Mauritania,14.0,62.0,35.0,234.0,1292.0,322.0,4.0,11.0,22.0,127.0,5039.0,3611.0,883.0,1398.0,0.0,5263.0,1303.0,499.0,0.0,195.0,2668.0,5754.0,4990.0,4601.0,1379.0,5032.0,434.0,2323.0,5318.0,15123.0,11203.0,15710.0,6743.0,8658.0,11441.0,9382.0,6761.0,6701.0,10373.0,9501.0,9961.0
108,Mauritius,0.0,0.0,0.0,2.0,12.0,15.0,12.0,13.0,3.0,7.0,28.0,777.0,0.0,0.0,0.0,0.0,0.0,0.0,0.0,6.0,10.0,88.0,7.0,0.0,1.0,0.0,2.0,0.0,5.0,2.0,6.0,0.0,4.0,0.0,35.0,0.0,0.0,0.0,0.0,0.0,0.0
109,Mexico,0.0,0.0,0.0,3.0,0.0,0.0,0.0,0.0,23.0,6.0,64.0,44.0,0.0,3.0,30.0,0.0,0.0,0.0,2.0,244.0,128.0,172.0,533.0,5077.0,68782.0,20381.0,3915.0,2776.0,9824.0,23826.0,5158.0,3368.0,6364.0,11136.0,29730.0,10691.0,3078.0,24035.0,23722.0,1530.0,2325.0
110,Micronesia (Federated States of),140.0,0.0,0.0,0.0,0.0,0.0,0.0,0.0,0.0,0.0,0.0,0.0,0.0,0.0,0.0,0.0,0.0,0.0,0.0,0.0,930.0,0.0,41.0,0.0,1.0,0.0,0.0,1.0,0.0,0.0,0.0,0.0,0.0,0.0,0.0,0.0,0.0,0.0,0.0,0.0,0.0
111,Monaco,0.0,0.0,5.0,0.0,0.0,0.0,0.0,0.0,0.0,0.0,0.0,0.0,0.0,0.0,0.0,0.0,0.0,0.0,0.0,0.0,0.0,0.0,160.0,0.0,0.0,0.0,0.0,0.0,0.0,0.0,0.0,0.0,0.0,12.0,0.0,0.0,0.0,0.0,0.0,0.0,0.0
112,Mongolia,0.0,0.0,0.0,0.0,7.0,8.0,31.0,12.0,26.0,0.0,0.0,18.0,1205.0,10677.0,925.0,10.0,8.0,4.0,128.0,555.0,177.0,71.0,1069.0,656.0,296.0,2176.0,3044.0,378.0,133.0,525.0,29738.0,1935.0,209.0,695.0,5338.0,355.0,138.0,3045.0,16807.0,0.0,0.0
113,Montenegro,0.0,0.0,0.0,5.0,5.0,0.0,0.0,0.0,0.0,0.0,0.0,0.0,0.0,0.0,0.0,0.0,0.0,0.0,0.0,0.0,0.0,0.0,0.0,0.0,0.0,0.0,0.0,0.0,0.0,0.0,0.0,0.0,0.0,0.0,0.0,0.0,0.0,0.0,0.0,0.0,0.0
114,Morocco,10.0,92.0,668.0,982.0,633.0,834.0,1455.0,2248.0,1217.0,0.0,6399.0,10841.0,6000.0,2724.0,7368.0,10853.0,7863.0,2512.0,1324.0,2380.0,3512.0,8431.0,6008.0,2125.0,1577.0,1689.0,2306.0,26621.0,15333.0,4216.0,11484.0,80806.0,53160.0,109486.0,86919.0,113486.0,94094.0,156598.0,87011.0,143988.0,123366.0
115,Mozambique,9.0,8.0,145.0,177.0,2321.0,60.0,4.0,267.0,183.0,12598.0,9396.0,28898.0,7155.0,7085.0,7375.0,3936.0,15693.0,15324.0,9251.0,4166.0,9618.0,5799.0,3092.0,5059.0,18082.0,22832.0,12142.0,12749.0,16109.0,16507.0,12508.0,11734.0,11909.0,16358.0,30070.0,13519.0,7457.0,10220.0,8711.0,10414.0,445.0
116,Myanmar,122.0,1010.0,2175.0,2046.0,190.0,329.0,333.0,1088.0,760.0,314.0,1329.0,830.0,736.0,2519.0,845.0,791.0,1465.0,1035.0,1684.0,1170.0,1855.0,2682.0,1794.0,4437.0,7900.0,3883.0,4323.0,5540.0,3830.0,16386.0,16580.0,18919.0,25102.0,26821.0,21457.0,17090.0,5867.0,6190.0,7674.0,4326.0,2350.0
117,Namibia,477.0,1028.0,86.0,79.0,3138.0,4076.0,0.0,21.0,3.0,4.0,4.0,262.0,1278.0,416.0,469.0,296.0,495.0,5359.0,4901.0,1723.0,133.0,1328.0,6874.0,0.0,0.0,0.0,4482.0,16874.0,0.0,0.0,0.0,0.0,0.0,0.0,0.0,0.0,0.0,0.0,0.0,0.0,0.0
118,Nauru,0.0,0.0,11.0,0.0,0.0,0.0,0.0,0.0,0.0,0.0,0.0,0.0,0.0,0.0,0.0,1.0,0.0,58.0,0.0,0.0,0.0,0.0,0.0,0.0,300.0,0.0,0.0,0.0,1.0,0.0,0.0,0.0,1.0,0.0,10.0,0.0,33.0,80.0,0.0,0.0,0.0
119,Nepal,1279.0,1861.0,3362.0,2359.0,190.0,189.0,2089.0,1415.0,2838.0,5023.0,12074.0,13344.0,6749.0,10849.0,9397.0,0.0,5771.0,12677.0,7213.0,4810.0,1401.0,59.0,136.0,93.0,182.0,171.0,193.0,190.0,68.0,952.0,2042.0,1117.0,1268.0,254.0,561.0,1025.0,854.0,307.0,225.0,0.0,0.0
120,Netherlands,140.0,2632.0,10.0,51.0,15.0,15.0,109.0,10.0,1.0,4.0,11.0,4.0,3.0,0.0,1019.0,2368.0,9.0,21.0,57.0,184.0,302.0,468.0,472.0,59.0,16.0,124.0,1519.0,227.0,90.0,24.0,82.0,480.0,95.0,77.0,178.0,56.0,133.0,1812.0,2512.0,0.0,0.0
121,New Zealand,280.0,8.0,68.0,597.0,43.0,198.0,0.0,25.0,20.0,20.0,33.0,66.0,21.0,65.0,65.0,106.0,164.0,2041.0,0.0,0.0,33.0,69.0,0.0,9239.0,0.0,0.0,0.0,0.0,0.0,0.0,0.0,0.0,0.0,0.0,0.0,0.0,0.0,0.0,0.0,0.0,0.0
122,Nicaragua,0.0,0.0,0.0,0.0,0.0,0.0,0.0,0.0,0.0,0.0,0.0,0.0,0.0,0.0,0.0,0.0,0.0,0.0,0.0,5.0,3.0,339.0,2332.0,0.0,0.0,0.0,314.0,792.0,2550.0,956.0,153.0,112.0,226.0,224.0,3784.0,1270.0,161.0,901.0,1368.0,1934.0,841.0
123,Niger,1142.0,1224.0,272.0,771.0,372.0,801.0,1317.0,282.0,59.0,2183.0,63057.0,54190.0,31584.0,61208.0,21319.0,36156.0,11404.0,32649.0,68921.0,67986.0,48685.0,36557.0,31341.0,90071.0,20463.0,22932.0,16864.0,14290.0,17626.0,64689.0,42199.0,30288.0,39815.0,36139.0,36811.0,44294.0,35302.0,18175.0,23523.0,17018.0,32646.0
124,Nigeria,6855.0,52852.0,6447.0,18843.0,8491.0,1272.0,9960.0,2613.0,704.0,110927.0,31521.0,141258.0,42007.0,168107.0,212183.0,217151.0,143098.0,21385.0,88675.0,12393.0,106081.0,54734.0,85965.0,44026.0,115682.0,33678.0,75908.0,77566.0,115743.0,161768.0,182591.0,136778.0,139785.0,129671.0,162106.0,176468.0,188727.0,282897.0,153560.0,134976.0,115634.0
125,Niue,0.0,0.0,0.0,0.0,0.0,0.0,0.0,0.0,0.0,0.0,0.0,0.0,0.0,0.0,0.0,0.0,0.0,0.0,0.0,0.0,2.0,0.0,0.0,121.0,0.0,1.0,1.0,0.0,7.0,21.0,0.0,0.0,0.0,2.0,22.0,2.0,0.0,1.0,0.0,4.0,0.0
126,Norway,3.0,8.0,4.0,39.0,3.0,2.0,4.0,0.0,0.0,0.0,7.0,8.0,5.0,4.0,0.0,0.0,0.0,11.0,23.0,18.0,6.0,7.0,73.0,17.0,95.0,13.0,133.0,563.0,1219.0,1312.0,1775.0,6181.0,10974.0,4586.0,1322.0,2724.0,15942.0,13407.0,3204.0,3636.0,15570.0
127,Oman,0.0,0.0,13.0,5.0,3.0,19.0,18.0,24.0,13.0,25.0,18.0,1.0,5.0,15.0,15.0,9.0,5.0,12.0,46.0,68.0,181.0,3108.0,1834.0,220.0,1262.0,4255.0,6052.0,3804.0,2001.0,4161.0,9652.0,9151.0,16645.0,40679.0,10630.0,16706.0,22221.0,11689.0,21187.0,16679.0,0.0
128,Pakistan,1370.0,8749.0,8046.0,4386.0,4321.0,863.0,1129.0,2801.0,7641.0,2981.0,4248.0,4740.0,3903.0,3849.0,2064.0,2940.0,2333.0,1848.0,1090.0,1720.0,1421.0,1967.0,2967.0,617.0,21785.0,2349.0,55543.0,45996.0,42304.0,26686.0,17322.0,21004.0,19890.0,29010.0,28573.0,26263.0,26163.0,6571.0,3069.0,6892.0,2353.0
129,Palau,0.0,0.0,0.0,0.0,0.0,0.0,0.0,0.0,0.0,0.0,0.0,0.0,0.0,0.0,0.0,0.0,1.0,0.0,0.0,0.0,0.0,93.0,0.0,0.0,0.0,1.0,0.0,0.0,0.0,0.0,0.0,0.0,0.0,0.0,0.0,0.0,0.0,0.0,0.0,0.0,0.0
130,Panama,0.0,0.0,0.0,4.0,0.0,0.0,0.0,0.0,0.0,0.0,0.0,0.0,0.0,0.0,0.0,0.0,0.0,0.0,0.0,19.0,3.0,90.0,845.0,2430.0,1891.0,301.0,378.0,1885.0,4199.0,4295.0,358.0,595.0,4014.0,4332.0,2096.0,4350.0,2346.0,2545.0,1317.0,245.0,508.0
131,Papua New Guinea,2299.0,12.0,0.0,0.0,0.0,0.0,0.0,0.0,1.0,1222.0,1385.0,3863.0,17620.0,4023.0,7135.0,6304.0,1148.0,678.0,2313.0,3730.0,6821.0,8212.0,6634.0,2740.0,4575.0,9799.0,6543.0,10206.0,19024.0,5680.0,9874.0,10023.0,12771.0,16519.0,12125.0,9394.0,8059.0,7121.0,6135.0,4172.0,4141.0
132,Paraguay,0.0,0.0,0.0,0.0,0.0,0.0,0.0,0.0,0.0,0.0,0.0,0.0,0.0,0.0,0.0,0.0,70.0,143.0,13.0,73.0,122.0,2066.0,864.0,526.0,1396.0,386.0,755.0,1742.0,610.0,666.0,979.0,1259.0,531.0,428.0,745.0,1309.0,487.0,1596.0,1331.0,140.0,2601.0
133,Peru,0.0,0.0,0.0,0.0,0.0,0.0,1.0,0.0,0.0,0.0,0.0,0.0,0.0,0.0,1.0,12.0,10.0,95.0,105.0,353.0,670.0,1730.0,22605.0,1014.0,737.0,1145.0,5785.0,6240.0,6099.0,9393.0,13039.0,7619.0,12708.0,10071.0,19246.0,13345.0,3386.0,8827.0,9761.0,6749.0,7687.0
134,Philippines,58848.0,2920.0,1536.0,6538.0,6368.0,1469.0,341.0,530.0,9.0,118.0,3025.0,10511.0,7003.0,7360.0,7120.0,2981.0,1984.0,9218.0,0.0,3913.0,3006.0,7541.0,39304.0,29037.0,42938.0,68986.0,70801.0,81896.0,59375.0,62959.0,75290.0,43684.0,35989.0,27031.0,26765.0,29230.0,27842.0,27694.0,29901.0,28198.0,22999.0
135,Poland,0.0,84.0,71.0,0.0,13.0,115.0,0.0,40.0,120.0,13.0,11.0,48.0,34.0,133.0,77.0,99.0,2255.0,338.0,639.0,752.0,864.0,1410.0,3695.0,2419.0,56471.0,7225.0,1005.0,1286.0,6806.0,35680.0,54403.0,11271.0,7620.0,35283.0,24882.0,30653.0,84073.0,44949.0,125168.0,146664.0,70857.0
136,Portugal,0.0,1.0,23.0,2.0,5.0,3.0,1.0,0.0,0.0,7.0,5.0,8.0,8.0,0.0,45.0,50.0,96.0,129.0,112.0,192.0,3230.0,881.0,208.0,275.0,407.0,11791.0,2285.0,813.0,0.0,0.0,0.0,0.0,0.0,0.0,0.0,0.0,0.0,0.0,0.0,0.0,0.0
137,Qatar,46.0,73.0,160.0,101.0,295.0,112.0,0.0,361.0,144.0,74.0,29.0,24.0,34.0,23.0,46.0,0.0,116.0,439.0,38.0,0.0,31.0,86.0,68.0,563.0,314.0,1083.0,382.0,409.0,2095.0,1410.0,886.0,816.0,506.0,1489.0,392.0,402.0,319.0,376.0,242.0,126.0,215.0
138,Republic of Korea,442.0,107.0,2.0,42.0,114.0,17.0,2.0,194.0,28.0,7.0,11.0,33.0,62.0,23060.0,32647.0,0.0,4.0,2.0,71.0,71.0,7883.0,0.0,0.0,0.0,3415.0,2394.0,1579.0,1880.0,1818.0,1283.0,2246.0,695.0,6776.0,2307.0,5097.0,2533.0,6149.0,5064.0,7328.0,4973.0,4867.0
139,Republic of Moldova,2.0,27.0,11.0,0.0,0.0,0.0,0.0,10.0,34.0,6.0,4.0,87.0,4929.0,457.0,687.0,245.0,673.0,364.0,344.0,1174.0,3951.0,866.0,322.0,621.0,3242.0,0.0,0.0,0.0,0.0,0.0,0.0,0.0,0.0,0.0,0.0,0.0,0.0,0.0,0.0,0.0,0.0
140,Romania,59.0,1159.0,7450.0,4189.0,193.0,8.0,12.0,353.0,3196.0,5043.0,117.0,9.0,14.0,10.0,35.0,240.0,9547.0,23579.0,906.0,2188.0,6228.0,28321.0,6061.0,1773.0,4691.0,3870.0,1810.0,11833.0,34037.0,5007.0,2108.0,4723.0,61682.0,21584.0,10476.0,66371.0,110124.0,124227.0,113907.0,110703.0,122470.0
141,Russian Federation,4711.0,2339.0,2123.0,629.0,129.0,101.0,27.0,173.0,1147.0,454.0,2444.0,3291.0,580.0,2072.0,4800.0,7428.0,6215.0,2874.0,7120.0,6630.0,28672.0,74463.0,18570.0,20449.0,18370.0,0.0,0.0,0.0,0.0,0.0,0.0,0.0,0.0,0.0,0.0,0.0,0.0,0.0,0.0,0.0,0.0
142,Rwanda,10.0,17.0,75.0,31.0,121.0,5.0,6.0,26.0,494.0,129.0,386.0,1064.0,2738.0,896.0,2095.0,4359.0,0.0,787.0,3988.0,28874.0,5999.0,9861.0,17429.0,5820.0,8970.0,5429.0,4364.0,12387.0,42749.0,16760.0,17269.0,20001.0,36792.0,79384.0,80402.0,61094.0,96203.0,73337.0,79278.0,44721.0,48246.0
143,Saint Kitts and Nevis,0.0,0.0,0.0,0.0,0.0,0.0,0.0,0.0,0.0,0.0,0.0,0.0,0.0,0.0,0.0,0.0,0.0,0.0,0.0,1.0,0.0,0.0,0.0,0.0,80.0,12.0,12.0,21.0,22.0,27.0,2.0,556.0,138.0,52.0,305.0,856.0,9.0,1.0,0.0,0.0,0.0
144,Saint Lucia,0.0,0.0,0.0,0.0,0.0,0.0,0.0,0.0,0.0,0.0,0.0,0.0,0.0,0.0,0.0,0.0,0.0,0.0,0.0,2.0,0.0,0.0,0.0,2.0,30.0,10.0,4.0,4.0,32.0,9.0,13.0,71.0,2039.0,134.0,35.0,9.0,134.0,0.0,725.0,520.0,382.0
145,Saint Vincent and the Grenadines,0.0,0.0,0.0,0.0,0.0,0.0,0.0,0.0,0.0,0.0,0.0,0.0,0.0,0.0,0.0,0.0,0.0,0.0,0.0,0.0,0.0,0.0,0.0,0.0,1.0,1.0,10.0,1.0,2.0,5.0,15.0,63.0,757.0,19.0,257.0,40.0,0.0,0.0,7.0,202.0,1.0
146,Samoa,0.0,0.0,1.0,0.0,8.0,0.0,0.0,0.0,0.0,0.0,0.0,0.0,0.0,0.0,0.0,0.0,8.0,0.0,87.0,0.0,0.0,7.0,4.0,0.0,0.0,1.0,0.0,0.0,1.0,1095.0,0.0,7.0,28.0,72.0,376.0,68.0,1026.0,240.0,1348.0,314.0,538.0
147,San Marino,0.0,0.0,1.0,0.0,0.0,0.0,0.0,0.0,0.0,0.0,0.0,3.0,0.0,0.0,1.0,0.0,0.0,22.0,0.0,0.0,0.0,6.0,7.0,1.0,1.0,0.0,0.0,0.0,0.0,0.0,0.0,0.0,0.0,0.0,0.0,0.0,0.0,0.0,0.0,0.0,0.0
148,Sao Tome and Principe,0.0,0.0,0.0,0.0,0.0,0.0,0.0,0.0,0.0,0.0,0.0,0.0,0.0,0.0,0.0,0.0,0.0,0.0,0.0,23.0,319.0,88.0,0.0,0.0,10.0,0.0,118.0,0.0,69.0,62.0,576.0,216.0,3.0,194.0,519.0,362.0,186.0,8.0,24.0,0.0,476.0
149,Saudi Arabia,154.0,1164.0,294.0,362.0,334.0,82.0,158.0,4648.0,807.0,373.0,1880.0,1208.0,311.0,155.0,0.0,2815.0,5519.0,3978.0,2407.0,2574.0,1253.0,3182.0,11299.0,6368.0,5439.0,3588.0,8225.0,29220.0,22830.0,18393.0,30457.0,44633.0,33294.0,35790.0,46115.0,30627.0,36993.0,24407.0,28472.0,27173.0,47202.0
150,Senegal,32.0,17.0,46.0,18.0,428.0,999.0,6.0,11.0,3.0,0.0,31.0,1519.0,18184.0,24789.0,5839.0,3668.0,6594.0,6594.0,8069.0,0.0,5944.0,14693.0,15367.0,11427.0,5004.0,10940.0,1596.0,3453.0,6831.0,0.0,0.0,26481.0,32380.0,34516.0,29144.0,39188.0,29888.0,44844.0,46309.0,26567.0,35069.0
151,Serbia,37.0,1.0,0.0,370.0,20.0,1.0,2.0,201.0,2.0,2.0,11.0,15.0,63.0,35.0,38.0,288.0,922.0,4692.0,458.0,524.0,800.0,16777.0,2108.0,991.0,4978.0,16149.0,6629.0,8639.0,14148.0,25325.0,20233.0,12967.0,13826.0,20878.0,37441.0,18596.0,27667.0,27918.0,31487.0,31782.0,24340.0
152,Seychelles,0.0,0.0,0.0,0.0,0.0,0.0,0.0,1.0,10.0,0.0,0.0,0.0,0.0,0.0,0.0,2.0,626.0,3.0,2.0,0.0,0.0,0.0,0.0,6.0,13.0,5.0,0.0,2.0,4.0,10.0,19.0,267.0,347.0,4.0,3.0,2.0,0.0,0.0,0.0,0.0,0.0
153,Sierra Leone,1006.0,15.0,678.0,1865.0,1089.0,31.0,44.0,0.0,33.0,29.0,7.0,586.0,568.0,649.0,3575.0,0.0,0.0,361.0,0.0,344.0,114.0,2288.0,914.0,284.0,830.0,625.0,207.0,1000.0,164.0,3351.0,4016.0,4327.0,4102.0,3408.0,3625.0,4102.0,151.0,534.0,474.0,0.0,1328.0
154,Singapore,0.0,0.0,42.0,148.0,50.0,16.0,18.0,15.0,23.0,33.0,96.0,33.0,211.0,408.0,141.0,65.0,114.0,1413.0,0.0,185.0,159.0,0.0,606.0,216.0,143.0,146.0,192.0,123.0,218.0,136.0,2417.0,677.0,1965.0,771.0,0.0,0.0,0.0,255.0,0.0,7.0,2.0
155,Slovakia,0.0,0.0,0.0,0.0,0.0,0.0,0.0,0.0,0.0,0.0,2.0,1.0,0.0,0.0,0.0,0.0,530.0,620.0,0.0,2.0,29.0,551.0,415.0,211.0,47.0,0.0,0.0,0.0,0.0,0.0,0.0,0.0,0.0,0.0,0.0,0.0,0.0,0.0,0.0,0.0,0.0
156,Slovenia,52.0,1.0,2.0,22.0,2.0,0.0,0.0,0.0,0.0,0.0,0.0,0.0,0.0,0.0,0.0,1.0,13.0,9.0,8.0,398.0,134.0,7.0,10.0,32.0,0.0,0.0,0.0,0.0,0.0,0.0,0.0,0.0,0.0,0.0,0.0,0.0,0.0,0.0,0.0,0.0,0.0
157,Solomon Islands,0.0,0.0,0.0,0.0,0.0,0.0,0.0,0.0,0.0,0.0,0.0,0.0,0.0,0.0,0.0,0.0,0.0,0.0,0.0,0.0,640.0,1527.0,86.0,45.0,343.0,13779.0,593.0,434.0,0.0,2.0,238.0,923.0,3331.0,2104.0,340.0,39.0,3054.0,2936.0,0.0,0.0,0.0
158,Somalia,10278.0,3173.0,9983.0,17298.0,115.0,13.0,1081.0,1149.0,7.0,0.0,12008.0,8257.0,9559.0,3571.0,3965.0,5523.0,3075.0,0.0,1830.0,0.0,0.0,0.0,0.0,0.0,0.0,988.0,296.0,222.0,70.0,128.0,487.0,622.0,0.0,0.0,0.0,0.0,79.0,0.0,0.0,0.0,0.0
159,South Africa,66.0,25.0,32.0,92.0,12499.0,5857.0,39.0,31.0,81.0,615.0,830.0,244.0,1043.0,1166.0,1459.0,385.0,977.0,1337.0,6501.0,8845.0,6845.0,12870.0,22745.0,4777.0,10624.0,18268.0,15258.0,22559.0,13459.0,17884.0,16160.0,16735.0,12906.0,15809.0,19193.0,4115.0,0.0,0.0,0.0,0.0,0.0
160,South Sudan,441.0,525.0,1952.0,1256.0,0.0,0.0,0.0,0.0,0.0,0.0,0.0,0.0,0.0,0.0,0.0,0.0,0.0,0.0,0.0,0.0,0.0,0.0,0.0,0.0,0.0,0.0,0.0,0.0,0.0,0.0,0.0,0.0,0.0,0.0,0.0,0.0,0.0,0.0,0.0,0.0,0.0
161,Spain,154.0,131.0,1204.0,3802.0,302.0,41.0,297.0,267.0,362.0,22.0,26.0,256.0,67.0,0.0,152.0,246.0,446.0,1842.0,4964.0,8849.0,6796.0,11985.0,24460.0,24445.0,21650.0,32908.0,22701.0,35146.0,220109.0,80663.0,38914.0,304350.0,159562.0,146689.0,145322.0,93608.0,129712.0,129375.0,133060.0,179638.0,147793.0
162,Sri Lanka,1686.0,2107.0,51.0,60.0,79.0,21.0,33.0,44.0,0.0,3.0,35.0,65.0,139.0,309.0,16527.0,2417.0,177.0,195.0,158.0,408.0,566.0,558.0,701.0,1896.0,4004.0,780.0,2630.0,3508.0,6235.0,9398.0,13215.0,8171.0,13273.0,6232.0,5032.0,6126.0,6128.0,5814.0,5639.0,5000.0,1580.0
163,Sudan,676.0,2813.0,8523.0,5616.0,680.0,68.0,129.0,327.0,228.0,1374.0,9562.0,4381.0,4529.0,4362.0,2875.0,3347.0,550.0,350.0,2559.0,841.0,963.0,683.0,17017.0,30014.0,14075.0,15114.0,7466.0,1635.0,27136.0,67589.0,2390.0,2806.0,68171.0,64804.0,50168.0,44015.0,16426.0,35115.0,24542.0,58028.0,57507.0
164,Suriname,0.0,0.0,0.0,0.0,0.0,0.0,0.0,0.0,0.0,0.0,0.0,0.0,0.0,0.0,0.0,0.0,0.0,0.0,0.0,0.0,0.0,0.0,0.0,0.0,35.0,0.0,68.0,5.0,37.0,110.0,40.0,17.0,647.0,716.0,254.0,0.0,0.0,0.0,143.0,0.0,0.0
165,Swaziland,0.0,0.0,0.0,0.0,313.0,26.0,1.0,0.0,0.0,0.0,0.0,350.0,37.0,49.0,10.0,0.0,180.0,609.0,2201.0,171.0,610.0,7148.0,2042.0,1467.0,1465.0,1461.0,1581.0,4261.0,2253.0,3253.0,4794.0,3267.0,9185.0,2592.0,0.0,0.0,0.0,0.0,2464.0,0.0,0.0
166,Sweden,26.0,51.0,30.0,26.0,6.0,3.0,25.0,1.0,19.0,13.0,5.0,3.0,9.0,5.0,59.0,0.0,0.0,62.0,44.0,23.0,21.0,25.0,57.0,25.0,29.0,62.0,38.0,0.0,173.0,326.0,1003.0,4626.0,6223.0,3540.0,1786.0,8668.0,6908.0,10313.0,8774.0,7841.0,7464.0
167,Switzerland,23.0,175.0,61.0,621.0,77.0,958.0,2022.0,1015.0,0.0,60.0,39.0,574.0,0.0,700.0,0.0,800.0,2000.0,6400.0,2000.0,1400.0,1400.0,3000.0,4300.0,2700.0,1990.0,2700.0,7600.0,7400.0,0.0,0.0,0.0,0.0,0.0,0.0,0.0,0.0,0.0,0.0,0.0,0.0,0.0
168,Syrian Arab Republic,594.0,740.0,13.0,13.0,26.0,22.0,19.0,403.0,517.0,375.0,189.0,801.0,538.0,290.0,146.0,3.0,5400.0,6850.0,2060.0,1362.0,1334.0,2300.0,374.0,359.0,535.0,729.0,58.0,292.0,2154.0,425.0,1405.0,879.0,800.0,1729.0,1478.0,1664.0,1062.0,1492.0,1054.0,2057.0,1981.0
169,Tajikistan,0.0,1.0,16.0,1.0,0.0,0.0,0.0,2.0,3.0,0.0,4.0,2144.0,927.0,38.0,192.0,177.0,3070.0,3882.0,42.0,56.0,531.0,5045.0,2439.0,1241.0,6897.0,0.0,0.0,0.0,0.0,0.0,0.0,0.0,0.0,0.0,0.0,0.0,0.0,0.0,0.0,0.0,0.0
170,Thailand,0.0,2641.0,5197.0,3156.0,2583.0,6071.0,7790.0,3893.0,3588.0,3526.0,4165.0,4519.0,10315.0,7319.0,4074.0,3167.0,13734.0,15122.0,5757.0,11112.0,38659.0,17851.0,7892.0,26709.0,29244.0,14862.0,36092.0,42172.0,19545.0,32156.0,47205.0,34713.0,27691.0,24298.0,16795.0,13151.0,8502.0,8775.0,5538.0,3392.0,2739.0
171,The former Yugoslav republic of Macedonia,116.0,4.0,7.0,701.0,217.0,5.0,27.0,1.0,3.0,5.0,9.0,18.0,19.0,27.0,36.0,53.0,0.0,364.0,1056.0,217.0,229.0,2495.0,180.0,181.0,0.0,0.0,0.0,0.0,0.0,0.0,0.0,0.0,0.0,0.0,0.0,0.0,0.0,0.0,0.0,0.0,0.0
172,Timor-Leste,47.0,4.0,16.0,763.0,50.0,10.0,0.0,0.0,90.0,203.0,41.0,94.0,0.0,0.0,0.0,0.0,0.0,0.0,0.0,0.0,0.0,0.0,0.0,0.0,0.0,0.0,0.0,0.0,0.0,0.0,0.0,0.0,0.0,0.0,0.0,0.0,0.0,0.0,0.0,0.0,0.0
173,Togo,577.0,564.0,238.0,187.0,120.0,425.0,187.0,8.0,26.0,38.0,61.0,295.0,363.0,1833.0,3578.0,2540.0,3771.0,450.0,223.0,6144.0,7298.0,4017.0,6959.0,9934.0,4548.0,3499.0,17577.0,10111.0,13119.0,25729.0,25869.0,19403.0,21925.0,19043.0,33960.0,18356.0,37445.0,23057.0,26018.0,24304.0,19020.0
174,Tonga,0.0,0.0,0.0,0.0,0.0,0.0,0.0,0.0,0.0,0.0,0.0,0.0,0.0,4.0,0.0,6.0,36.0,1081.0,0.0,0.0,0.0,0.0,10.0,18.0,65.0,25.0,0.0,0.0,233.0,412.0,5.0,36.0,19.0,187.0,2336.0,523.0,17.0,84.0,2487.0,0.0,34.0
175,Trinidad and Tobago,0.0,0.0,0.0,0.0,0.0,0.0,0.0,0.0,0.0,0.0,0.0,0.0,0.0,0.0,0.0,0.0,0.0,1.0,0.0,0.0,0.0,0.0,0.0,141.0,511.0,2170.0,388.0,441.0,2660.0,3549.0,3556.0,2392.0,1284.0,3601.0,384.0,394.0,775.0,1602.0,589.0,244.0,219.0
176,Tunisia,15.0,16.0,48.0,11.0,1.0,1.0,2.0,4.0,3.0,15.0,1.0,22.0,98.0,231.0,47.0,101.0,123.0,371.0,533.0,676.0,597.0,1413.0,11872.0,1250.0,547.0,1147.0,288.0,573.0,3740.0,4766.0,2481.0,1464.0,1828.0,3007.0,225.0,351.0,250.0,0.0,0.0,0.0,0.0
177,Turkey,565.0,7405.0,349.0,111.0,7.0,4.0,0.0,3.0,34.0,6200.0,8927.0,5844.0,7823.0,30509.0,16244.0,16329.0,27120.0,22795.0,27171.0,13544.0,23733.0,34285.0,24626.0,22521.0,11372.0,19273.0,9279.0,2194.0,2267.0,14695.0,30666.0,31515.0,8778.0,26547.0,8618.0,11471.0,12517.0,16123.0,21740.0,24347.0,12836.0
178,Turkmenistan,0.0,0.0,0.0,0.0,0.0,0.0,0.0,59.0,48.0,0.0,1.0,1.0,11.0,9.0,113.0,452.0,1035.0,377.0,96.0,393.0,2613.0,2486.0,692.0,1346.0,2806.0,0.0,0.0,0.0,0.0,0.0,0.0,0.0,0.0,0.0,0.0,0.0,0.0,0.0,0.0,0.0,0.0
179,Tuvalu,0.0,0.0,0.0,0.0,0.0,0.0,0.0,0.0,0.0,0.0,0.0,0.0,0.0,0.0,0.0,0.0,0.0,14.0,51.0,1.0,0.0,0.0,1.0,0.0,0.0,0.0,0.0,284.0,0.0,0.0,2.0,0.0,20.0,3.0,509.0,94.0,0.0,0.0,1.0,0.0,0.0
180,Uganda,314.0,7878.0,2027.0,3312.0,1313.0,1601.0,1319.0,3776.0,5736.0,22.0,141.0,29429.0,49871.0,48543.0,42554.0,42737.0,42528.0,12562.0,26198.0,42659.0,49815.0,0.0,36511.0,0.0,2637.0,660.0,1666.0,0.0,0.0,0.0,20072.0,43016.0,11408.0,18630.0,13415.0,2571.0,17877.0,26879.0,12828.0,6802.0,3643.0
181,Ukraine,0.0,0.0,12746.0,1333.0,39.0,0.0,48.0,1005.0,42724.0,2392.0,146.0,411.0,7587.0,16970.0,817.0,1389.0,5107.0,7000.0,8678.0,1923.0,9837.0,23452.0,13289.0,5321.0,6841.0,0.0,0.0,0.0,0.0,0.0,0.0,0.0,0.0,0.0,0.0,0.0,0.0,0.0,0.0,0.0,0.0
182,United Arab Emirates,344.0,0.0,132.0,0.0,87.0,0.0,55.0,0.0,0.0,29.0,22.0,42.0,53.0,30.0,69.0,117.0,296.0,243.0,425.0,671.0,518.0,745.0,1063.0,1148.0,1187.0,1068.0,1187.0,2913.0,2158.0,2400.0,1749.0,2105.0,1691.0,2820.0,2796.0,1616.0,1973.0,1056.0,897.0,399.0,555.0
183,United Kingdom of Great Britain and Northern Ireland,133.0,1919.0,2092.0,1112.0,443.0,1212.0,1445.0,1022.0,764.0,79.0,189.0,460.0,314.0,73.0,104.0,0.0,74.0,4844.0,6866.0,9017.0,23525.0,12018.0,12317.0,11727.0,28228.0,30160.0,88259.0,44850.0,90214.0,104774.0,67632.0,114948.0,105642.0,61779.0,147962.0,93371.0,133811.0,190393.0,68422.0,158619.0,118672.0
184,United Republic of Tanzania,88.0,185.0,1668.0,1622.0,167.0,1574.0,3413.0,7726.0,2362.0,23.0,1419.0,1673.0,5131.0,11847.0,14649.0,5887.0,10023.0,7287.0,10676.0,3160.0,3558.0,16471.0,13040.0,27188.0,14920.0,7033.0,14568.0,42109.0,38229.0,46032.0,39311.0,68804.0,102127.0,79764.0,63100.0,66062.0,83009.0,67756.0,33221.0,0.0,0.0
185,United States of America,0.0,187.0,55.0,222.0,63.0,71.0,140.0,43.0,55.0,66.0,37.0,56.0,41.0,116.0,85.0,100.0,100.0,138.0,489.0,309.0,958.0,312.0,2231.0,9643.0,27786.0,18193.0,3396.0,3655.0,6282.0,2822.0,2587.0,1497.0,1714.0,3124.0,13506.0,13597.0,26871.0,57345.0,41126.0,24374.0,22094.0
186,Uruguay,0.0,0.0,0.0,0.0,0.0,0.0,0.0,0.0,0.0,0.0,0.0,0.0,0.0,0.0,0.0,34.0,6.0,2.0,2.0,5.0,0.0,16.0,187.0,2040.0,110.0,20.0,76.0,1190.0,198.0,160.0,352.0,18.0,135.0,15465.0,141.0,1226.0,552.0,5178.0,1356.0,5754.0,4456.0
187,Uzbekistan,8.0,0.0,0.0,476.0,117.0,0.0,2.0,863.0,823.0,737.0,75.0,85.0,25.0,22.0,80.0,1193.0,875.0,261.0,228.0,294.0,1661.0,2354.0,2020.0,3878.0,3943.0,0.0,0.0,0.0,0.0,0.0,0.0,0.0,0.0,0.0,0.0,0.0,0.0,0.0,0.0,0.0,0.0
188,Vanuatu,10.0,0.0,0.0,0.0,0.0,0.0,0.0,0.0,0.0,3.0,0.0,165.0,101.0,7.0,9.0,12.0,0.0,113.0,4.0,27.0,27.0,67.0,154.0,541.0,67.0,169.0,140.0,253.0,1064.0,940.0,1634.0,401.0,832.0,45.0,39.0,7.0,378.0,1133.0,24.0,129.0,0.0
189,Venezuela (Bolivarian Republic of),0.0,0.0,1.0,0.0,0.0,0.0,0.0,32.0,78.0,0.0,0.0,0.0,2392.0,115.0,22.0,0.0,4.0,27.0,89.0,172.0,15364.0,20244.0,11949.0,15273.0,9881.0,10160.0,12339.0,19261.0,14026.0,21974.0,11833.0,11263.0,14200.0,31255.0,9750.0,21691.0,18568.0,13330.0,23268.0,34796.0,33454.0
190,Viet Nam,15033.0,1123.0,578.0,750.0,2809.0,6582.0,352.0,17.0,1978.0,410.0,217.0,2297.0,6755.0,12058.0,16512.0,14134.0,11690.0,6507.0,5156.0,6171.0,11853.0,12015.0,11830.0,9874.0,8175.0,22332.0,23308.0,30460.0,68463.0,82231.0,87796.0,125176.0,72466.0,62400.0,86901.0,117560.0,115034.0,122558.0,71011.0,63896.0,26975.0
191,Yemen,815.0,400.0,2177.0,2676.0,510.0,130.0,7.0,13.0,8079.0,6285.0,12708.0,8536.0,890.0,485.0,0.0,26126.0,8785.0,51.0,0.0,225.0,35.0,601.0,2420.0,75.0,0.0,26681.0,10424.0,17408.0,15596.0,27997.0,39713.0,33348.0,24482.0,21355.0,18020.0,23335.0,7744.0,14234.0,8814.0,2564.0,1530.0
192,Zambia,9.0,35.0,896.0,13234.0,15754.0,26.0,140.0,535.0,459.0,45.0,35.0,881.0,25036.0,16997.0,30930.0,23518.0,0.0,7140.0,9459.0,8533.0,14255.0,11829.0,11006.0,2822.0,6748.0,5747.0,12487.0,14793.0,23866.0,51000.0,36881.0,51140.0,73499.0,184210.0,98659.0,95069.0,98516.0,112021.0,128135.0,91461.0,113643.0
193,Zimbabwe,0.0,0.0,0.0,0.0,9696.0,853.0,0.0,242.0,212.0,420.0,31.0,998.0,304.0,529.0,1483.0,772.0,2049.0,12971.0,37407.0,8529.0,37785.0,34071.0,17346.0,24090.0,13728.0,47509.0,49812.0,17675.0,20388.0,22290.0,21662.0,36253.0,4941.0,4995.0,23650.0,8849.0,6081.0,9026.0,6112.0,0.0,0.0
